{
    "total_samples": 5000,
    "features": [
        "age",
        "workclass",
        "education",
        "education.num",
        "marital.status",
        "occupation",
        "relationship",
        "race",
        "sex",
        "capital.gain",
        "capital.loss",
        "hours.per.week",
        "native.country",
        "income"
    ],
    "mean_per_feature": [
        -0.02183392085134983,
        0.06034420058131218,
        0.019249847158789635,
        -0.038586463779211044,
        -0.01834987662732601,
        0.04196445643901825,
        0.1557687222957611,
        -0.1005338802933693,
        0.06738540530204773,
        -0.08063215017318726,
        0.007427378091961145,
        0.14127328991889954,
        -0.07116449624300003,
        -0.007996135391294956
    ],
    "std_per_feature": [
        0.10668200999498367,
        0.07509386539459229,
        0.0965406745672226,
        0.09006061404943466,
        0.08562637120485306,
        0.09783627092838287,
        0.0816829726099968,
        0.08202144503593445,
        0.06837372481822968,
        0.104923315346241,
        0.08061904460191727,
        0.08224710077047348,
        0.06851223856210709,
        0.08020640909671783
    ]
}